image,title
https://cdnapi.sooplai.com/media/products/179895/CLOT-TAKO-042A-1.jpg,Takoyakids Remi Harem Jumpsuit Misty Gray M71 5-6y
https://cdnapi.sooplai.com/media/products/191887/CLOT-TAKO-093A-DROSE-1.jpg,Takoyakids Nikka Sets Dusty Rose 1-2 Year
https://cdnapi.sooplai.com/media/products/189210/CLOT-TAKO-086A-BLUSH-1.jpg,Takoyakids X Margenie Hanee Bow Sets Blush 5-6 Year
https://cdnapi.sooplai.com/media/products/191323/CLOT-TAKO-091A-SBLUE-1.jpg,Takoyakids Kimi Long Tees Steel Blue 1-2 Year
https://cdnapi.sooplai.com/media/products/193526/CLOT-TAKO-082A-MUST-1.jpg,Takoyakids Essentials Jun Short Sleeves Sets Mustard 3 Month (0-3 Month)
https://cdnapi.sooplai.com/media/products/193523/CLOT-TAKO-082A-MARO-1.jpg,Takoyakids Essentials Jun Short Sleeves Sets Maroon 12 Month (6-12 Month)
https://cdnapi.sooplai.com/media/products/189175/DRES-TAKO-018A-BRED-1.jpg,Takoyakids X Margenie Yoona Puff Sleeves Dress Blush Red 4-5 Year
https://cdnapi.sooplai.com/media/products/191863/CLOT-TAKO-093A-OLIVE-1.jpg,Takoyakids Nikka Sets Olive 1-2 Year
https://cdnapi.sooplai.com/media/products/186559/CLOT-TAKO-068A-CARA-1.jpg,Takoyakids Eri Sets Caramel 5-6 Year
https://cdnapi.sooplai.com/media/products/186185/CLOT-TAKO-073A-MGRAY-1.jpg,Takoyakids Mirei Jumpsuit Misty Gray 5-6 Year
https://cdnapi.sooplai.com/media/products/191745/DRES-TAKO-018A-LILAC-1.jpg,Takoyakids X Margenie Yoona Puff Sleeves Dress Lilac 5-6 Year
https://cdnapi.sooplai.com/media/products/183698/CLOT-TAKO-067A-SBLUE-1.jpg,Takoyakids Akira Jumpsuit Steel Blue 1-2 Years
https://cdnapi.sooplai.com/media/products/187451/CLOT-TAKO-078A-OLIVE-1.jpg,Takoyakids Essentials Miki Short Sleeves Bodysuits Olive 24 Month (18-24 Month)
https://cdnapi.sooplai.com/media/products/187208/DRES-TAKO-016A-MARO-1.jpg,Takoyakids Maia Collared Dress Maroon 2-3 Year
https://cdnapi.sooplai.com/media/products/189206/DRES-TAKO-019A-BRED-1.jpg,Takoyakids X Margenie Aera  Puff Sleeves Dress Blush Red 1-2 Year
https://cdnapi.sooplai.com/media/products/193970/CLOT-TORI-073A-PATT-3-4Y-1.jpg,Torio Koko Muslim Pattern Shirt Set - Baju Setelan Koko Anak Laki-Laki - Baju Koko Anak - 3-4 Tahun
https://cdnapi.sooplai.com/media/products/191737/CLOT-TAKO-086A-LILAC-1.jpg,Takoyakids X Margenie Hanee Bow Sets Lilac 5-6 Year
https://cdnapi.sooplai.com/media/products/187240/CLOT-TAKO-070A-ABLUE-1.jpg,Takoyakids Yuki Set Atlantic Blue 5-6 Year
https://cdnapi.sooplai.com/media/products/191785/CLOT-TAKO-088A-LILAC-1.jpg,Takoyakids X Margenie Hanee Bow Sets Adult Lilac - All Size
https://cdnapi.sooplai.com/media/products/191374/CLOT-TAKO-092A-SGRN-1.jpg,Takoyakids Essentials Michi Ruffle Sleeves Bodysuits Sage Green 3-6 Month
https://cdnapi.sooplai.com/media/products/182357/CLOT-PICO-014A-EMGR-2-1.jpg,Piccola Heidi Jumpsuit Pita Emerald Green 5-6 Years
https://cdnapi.sooplai.com/media/products/191269/CLOT-TAKO-090A-CARA-1.jpg,Takoyakids Essentials Masami Sets Caramel 18-24 Month
https://cdnapi.sooplai.com/media/products/189164/DRES-TAKO-018A-SGRN-1.jpg,Takoyakids X Margenie Yoona Puff Sleeves Dress Sage Green 4-5 Year
https://cdnapi.sooplai.com/media/products/183699/CLOT-TAKO-067A-SBLUE-1.jpg,Takoyakids Akira Jumpsuit Steel Blue 2-3 Years
https://cdnapi.sooplai.com/media/products/186507/DRES-TAKO-016A-BLUS-1.jpg,Takoyakids Yura Dress Blush 3-4 Year
https://cdnapi.sooplai.com/media/products/191283/CLOT-TAKO-090A-BLUS-1.jpg,Takoyakids Essentials Masami Sets Blush 6-12 Month
https://cdnapi.sooplai.com/media/products/191345/CLOT-TAKO-092A-DROSE-1.jpg,Takoyakids Essentials Michi Ruffle Sleeves Bodysuits Dusty Rose 12-18 Month
https://cdnapi.sooplai.com/media/products/191343/CLOT-TAKO-092A-DROSE-1.jpg,Takoyakids Essentials Michi Ruffle Sleeves Bodysuits Dusty Rose 6-12 Month
https://cdnapi.sooplai.com/media/products/186521/DRES-TAKO-016A-SBLUE-1.jpg,Takoyakids Yura Dress Steel Blue 7-8 Year
https://cdnapi.sooplai.com/media/products/184851/CLOT-TAKO-069A-MARO-1.jpg,Takoyakids Himari Sets Maroon 6-12 Month
https://cdnapi.sooplai.com/media/products/189196/DRES-TAKO-019A-SGRN-1.jpg,Takoyakids X Margenie Aera  Puff Sleeves Dress Sage Green 7-8 Year
https://cdnapi.sooplai.com/media/products/186798/CLOT-TAKO-080A-SGRN-1.jpg,Takoyakids Essentials Erika Romper Sage Green 18-24 Month
https://cdnapi.sooplai.com/media/products/190956/CLOT-TAKO-084A-MARO-1.jpg,Takoyakids Rin Pyjamas Maroon 5-6 Year
https://cdnapi.sooplai.com/media/products/191378/CLOT-TAKO-092A-MARO-1.jpg,Takoyakids Essentials Michi Ruffle Sleeves Bodysuits Maroon 3-6 Month
https://cdnapi.sooplai.com/media/products/191314/CLOT-TAKO-091A-CARA-1.jpg,Takoyakids Kimi Long Tees Caramel 5-6 Year
https://cdnapi.sooplai.com/media/products/191354/CLOT-TAKO-092A-SBLUE-1.jpg,Takoyakids Essentials Michi Ruffle Sleeves Bodysuits Steel Blue 12-18 Month
https://cdnapi.sooplai.com/media/products/190966/DRES-TAKO-022A-OLIVE-1.jpg,Takoyakids Maia Collared Dress Olive 7-8 Year
https://cdnapi.sooplai.com/media/products/191268/CLOT-TAKO-090A-CARA-1.jpg,Takoyakids Essentials Masami Sets Caramel 12-18 Month
https://cdnapi.sooplai.com/media/products/190968/DRES-TAKO-022A-OLIVE-1.jpg,Takoyakids Maia Collared Dress Olive 1-2 Year
https://cdnapi.sooplai.com/media/products/190969/DRES-TAKO-022A-OLIVE-1.jpg,Takoyakids Maia Collared Dress Olive 4-5 Year
https://cdnapi.sooplai.com/media/products/193368/CLOT-VELV-930A-L-1.jpg,Velvet Junior Dreamwear Mighty Sleepsuit - Jumper Baby Bayi | Baju Tidur Bayi (Boy) Size L
https://cdnapi.sooplai.com/media/products/186377/CLOT-TAKO-077A-SGRN-1.jpg,Takoyakids Essentials Suki Foldable Pyjamas Sets Sage Green 0-3 Month
https://cdnapi.sooplai.com/media/products/186370/CLOT-TAKO-076A-SBLUE-1.jpg,Takoyakids Essentials Jun Short Sleeves Sets Steel Blue 0-3 Month
https://cdnapi.sooplai.com/media/products/185599/CLOT-MOOI-001A-1.jpg,Mooi Retro Set (Setelan Retro Mooi) Stone Grey 2Y
https://cdnapi.sooplai.com/media/products/193117/CLOT-TAKO-067A-LILAC-1.jpg,Takoyakids Akira Jumpsuit Lilac 2-3 Year
https://cdnapi.sooplai.com/media/products/191327/DRES-TAKO-016A-BLUS-1.jpg,Takoyakids Yura Dress Blush 7-8 Year
https://cdnapi.sooplai.com/media/products/193110/CLOT-TAKO-067A-BLUS-1.jpg,Takoyakids Akira Jumpsuit Blush 2-3 Year
https://cdnapi.sooplai.com/media/products/181611/CLOT-PICO-012A-GREY-1.jpg,Piccola Liv Jumpsuit Gray 1-2 Years
https://cdnapi.sooplai.com/media/products/186390/CLOT-TAKO-077A-BLUSH-1.jpg,Takoyakids Essentials Suki Foldable Pyjamas Sets Blush 18-24 Month
https://cdnapi.sooplai.com/media/products/189923/CLOT-TAKO-071A-MARO-1.jpg,Takoyakids Mizuki Cross Top Set Maroon 7-8 Year
https://cdnapi.sooplai.com/media/products/186386/CLOT-TAKO-077A-CARA-1.jpg,Takoyakids Essentials Suki Foldable Pyjamas Sets Caramel 18-24 Month
https://cdnapi.sooplai.com/media/products/190339/DRES-TAKO-016A-DPINK-1.jpg,Takoyakids Maia Collared Dress Dusty Pink 1-2 Year
https://cdnapi.sooplai.com/media/products/190582/DRES-TAKO-016A-MARO-1.jpg,Takoyakids Maia Collared Dress Maroon 6-12 Month
https://cdnapi.sooplai.com/media/products/190946/CLOT-TAKO-073A-SBLUE-1.jpg,Takoyakids Mirei Jumpsuit Steel Blue 6-12 Month
https://cdnapi.sooplai.com/media/products/187450/CLOT-TAKO-079A-OLIVE-1.jpg,Takoyakids Essentials Azuki Zipper Sleepsuits Olive 24 Month (18-24 Month)
https://cdnapi.sooplai.com/media/products/190960/DRES-TAKO-022A-SBLUE-1.jpg,Takoyakids Maia Collared Dress Steel Blue 2-3 Year
https://cdnapi.sooplai.com/media/products/187456/CLOT-TAKO-079A-OLIVE-1.jpg,Takoyakids Essentials Azuki Zipper Sleepsuits Olive 12 Month (6-12 Month)
https://cdnapi.sooplai.com/media/products/186385/CLOT-TAKO-077A-SGRN-1.jpg,Takoyakids Essentials Suki Foldable Pyjamas Sets Sage Green 12-18 Month
https://cdnapi.sooplai.com/media/products/189884/CLOT-TAKO-071A-BLUSH-1.jpg,Takoyakids Mizuki Cross Top Set Blush 5-6 Year
https://cdnapi.sooplai.com/media/products/187459/CLOT-TAKO-079A-DROSE-1.jpg,Takoyakids Essentials Azuki Zipper Sleepsuits Dusty Rose 18 Month (12-18 Month)
https://cdnapi.sooplai.com/media/products/187463/CLOT-TAKO-073A-OLIVE-1.jpg,Takoyakids Mirei Jumpsuit Olive 7-8 Year
https://cdnapi.sooplai.com/media/products/191859/CLOT-TAKO-068A-LILAC-1.jpg,Takoyakids Eri Sets Lilac 5-6 Year
https://cdnapi.sooplai.com/media/products/190940/CLOT-TAKO-073A-SBLUE-1.jpg,Takoyakids Mirei Jumpsuit Steel Blue 1-2 Year
https://cdnapi.sooplai.com/media/products/193118/CLOT-TAKO-067A-BLUS-1.jpg,Takoyakids Akira Jumpsuit Blush 1-2 Year
https://cdnapi.sooplai.com/media/products/191662/CLOT-TAKO-083A-LILAC-1.jpg,Takoyakids Essentials Suki Foldable Pyjamas Sets Lilac 24 Month (18-24 Month)
https://cdnapi.sooplai.com/media/products/192281/CLOT-TAKO-079A-LILAC-1.jpg,Takoyakids Essentials Azuki Zipper Sleepsuits Lilac 6-12 Month
https://cdnapi.sooplai.com/media/products/189918/CLOT-TAKO-069A-BLUSH-1.jpg,Takoyakids Himari Sets Blush 1-2 Year
https://cdnapi.sooplai.com/media/products/192284/CLOT-TAKO-079A-MUST-1.jpg,Takoyakids Essentials Azuki Zipper Sleepsuits Mustard 18-24 Month
https://cdnapi.sooplai.com/media/products/192280/CLOT-TAKO-079A-LILAC-1.jpg,Takoyakids Essentials Azuki Zipper Sleepsuits Lilac 3-6 Month
https://cdnapi.sooplai.com/media/products/183823/CLOT-PICO-016A-OWHITE-1.jpg,Piccola Mabel Top Offwhite 1-2 Year
https://cdnapi.sooplai.com/media/products/193123/CLOT-TAKO-067A-MARO-1.jpg,Takoyakids Akira Jumpsuit Maroon 3-4 Year
https://cdnapi.sooplai.com/media/products/186344/CLOT-TAKO-076A-SGRN-1.jpg,Takoyakids Essentials Jun Short Sleeves Sets Sage Green 12-18 Month
https://cdnapi.sooplai.com/media/products/186359/CLOT-TAKO-077A-BLUSH-1.jpg,Takoyakids Essentials Suki Foldable Pyjamas Sets Blush 3-6 Month
https://cdnapi.sooplai.com/media/products/183825/CLOT-PICO-016A-OWHITE-1.jpg,Piccola Mabel Top Offwhite 3-4 Year
https://cdnapi.sooplai.com/media/products/186355/CLOT-TAKO-076A-CARA-1.jpg,Takoyakids Essentials Jun Short Sleeves Sets Caramel 12-18 Month
https://cdnapi.sooplai.com/media/products/186458/CLOT-TAKO-078A-SGRN-1.jpg,Takoyakids Essentials Miki Short Sleeves Bodysuits Sage Green 18-24 Month
https://cdnapi.sooplai.com/media/products/194169/CLOT-TAKO-095A-LILAC-1.jpg,Takoyakids Rui Pyjamas Set Lilac 7-8 Year
https://cdnapi.sooplai.com/media/products/193103/CLOT-TAKO-067A-BLUS-1.jpg,Takoyakids Akira Jumpsuit Blush 4-5 Year
https://cdnapi.sooplai.com/media/products/194683/CLOT-VELV-932A-1.jpg,Velvet Sleepsuit Boy NB
https://cdnapi.sooplai.com/media/products/194142/CLOT-TAKO-095A-BLUS-1.jpg,Takoyakids Rui Pyjamas Set Blush 7-8 Year
https://cdnapi.sooplai.com/media/products/191258/CLOT-TAKO-090A-SGRN-1.jpg,Takoyakids Essentials Masami Sets Sage Green 12-18 Month
https://cdnapi.sooplai.com/media/products/191263/CLOT-TAKO-090A-SBLUE-1.jpg,Takoyakids Essentials Masami Sets Steel Blue 6-12 Month
https://cdnapi.sooplai.com/media/products/186330/CLOT-TAKO-076A-BLUSH-1.jpg,Takoyakids Essentials Jun Short Sleeves Sets Blush 6-12 Month
https://cdnapi.sooplai.com/media/products/186337/CLOT-TAKO-076A-SGRN-1.jpg,Takoyakids Essentials Jun Short Sleeves Sets Sage Green 6-12 Month
https://cdnapi.sooplai.com/media/products/187221/DRES-TAKO-016A-MUST-1.jpg,Takoyakids Maia Collared Dress Mustard 5-6 Year
https://cdnapi.sooplai.com/media/products/187247/CLOT-TAKO-070A-WBRWN-1.jpg,Takoyakids Yuki Set Walnut Brown 7-8 Year
https://cdnapi.sooplai.com/media/products/191279/CLOT-TAKO-090A-OLIVE-1.jpg,Takoyakids Essentials Masami Sets Olive 12-18 Month
https://cdnapi.sooplai.com/media/products/194185/CLOT-TAKO-095A-CBLUE-1.jpg,Takoyakids Rui Pyjamas Set Cloud Blue 7-8 Year
https://cdnapi.sooplai.com/media/products/191260/CLOT-TAKO-090A-OLIVE-1.jpg,Takoyakids Essentials Masami Sets Olive 6-12 Month
https://cdnapi.sooplai.com/media/products/188053/CLOT-TAKO-081A-CARA-1.jpg,Takoyakids Essentials Kiyomi Romper Caramel 3-6m
https://cdnapi.sooplai.com/media/products/187222/DRES-TAKO-016A-CBLUE-1.jpg,Takoyakids Maia Collared Dress Cloud Blue 1-2 Year
https://cdnapi.sooplai.com/media/products/184249/CLOT-PICO-004A-MARO-1.jpg,Takoyakids Kei Kimono Sets Maroon 3-4 Year
https://cdnapi.sooplai.com/media/products/191355/CLOT-TAKO-092A-SBLUE-1.jpg,Takoyakids Essentials Michi Ruffle Sleeves Bodysuits Steel Blue 0-3 Month
https://cdnapi.sooplai.com/media/products/161313/CLOT-PICO-001A-FUSCHIA-1.jpg,Piccola Heidi Oversized Jumpsuit Fuschia 5-6 Years
https://cdnapi.sooplai.com/media/products/182506/DRES-PICO-009A-DPINK-1.jpg,Piccola Kaela Dress Dusty Pink 2-3 Years
https://cdnapi.sooplai.com/media/products/186407/CLOT-TAKO-077A-SBLUE-1.jpg,Takoyakids Essentials Suki Foldable Pyjamas Sets Steel Blue 0-3 Month
https://cdnapi.sooplai.com/media/products/187458/CLOT-TAKO-079A-CBLUE-1.jpg,Takoyakids Essentials Azuki Zipper Sleepsuits Cloud Blue 6 Month (3-6 Month)
https://cdnapi.sooplai.com/media/products/184840/CLOT-TAKO-068A-MARO-7-8Y-1.jpg,Takoyakids Eri Sets Maroon 7-8 Year
https://cdnapi.sooplai.com/media/products/191346/CLOT-TAKO-079A-MARO-1.jpg,Takoyakids Essentials Azuki Zipper Sleepsuits Maroon 12-18 Month
https://cdnapi.sooplai.com/media/products/186191/CLOT-TAKO-073A-MARO-1.jpg,Takoyakids Mirei Jumpsuit Maroon 5-6 Year
